id;bid;title;author;year;extracted unique citations
8540;VEA0041234;Venezia origini : fondamenti, ipotesi, metodi;Dorigo, Wladimiro;1983;608
19774;REA0034552;I tempi di Giorgione;a cura di Ruggero Maschio;1994;580
32438;RAV0024688;La pittura del Seicento a Venezia : catalogo della mostra;;1959;575
36832;CAG0567258;Venezia romanica : la formazione della città medioevale fino all'età gotica;Wladimiro Dorigo;2003;527
24180;CFI0121109;Il Veneto e l'Austria: vita e cultura artistica nelle città venete, 1814-1866;a cura di Sergio Marinelli, Giuseppe Mazzariol, Fernando Mazzocca;1989;522
5256;VEA1003065;La galleria di Minerva : il ritratto di rappresentanza nella Venezia del Settecento;Delorenzi, Paolo;2009;481
30101;LO10024137;Storia e politica nei dipinti di Palazzo Ducale : aspetti dell'autocelebrazione della Repubblica di Venezia nel Cinquecento;Wolters, Wolfgang;1987;465
16026;REA0034965;Splendori del Settecento veneziano;;1995;457
20207;VEA1053633;L'art de Venise : 2;Romanelli, Giandomenico;1997;449
35960;VEA0115229;Jacopo de Barbari, il racconto di una città : elaborazione computerizzata con 890 disegni intercalati nel testo;Balistreri Trincanato, Corrado;2000;441
441;VEA1033534;Polifonie : le donne a Venezia nell'età di Moderata Fonte (seconda metà del secolo 16;Martelli, Daria;2011;427
25361;RAV1874761;Il collezionismo d'arte a Venezia;;2009;420
28509;VEA0984172;Il collezionismo d'arte a Venezia;;2008;413
4580;RAV0004079;The genius of Venice, 1500-1600;Royal Academy of Arts;1983;401
27304;VIA0116829;The new palaces of medieval Venice;Schulz, Juergen;2004;393
28681;CFI0185568;Il sale e la fortuna di Venezia;Hocquet, Jean-Claude;1990;388
36345;LO11410377;Patrizi, informatori, barbieri : politica e comunicazione a Venezia nella prima età moderna;De Vivo, Filippo;2012;384
28377;MOD0146927;Sopra le acque salse : espaces, pouvoir et societe a Venise a la fin du Moyen Age;2 : espaces, pouvoir et societe a Venise a la fin du   Moyen Age;1992;383
27406;CFI0004830;L'architettura veneziana del primo Rinascimento;McAndrew, John;1983;370
5558;LO10351825;Voyageurs étrangers à Venezia;1: Actes du Congrès de l'Ateneo Veneto : 13-15 octobre 1979;1981;362
21609;RAV0024686;La pittura veneziana del Seicento;Pallucchini, Rodolfo;1981;335
3573;VEA0082126;Venedig: die Kunst der Renaissance : Architektur, Skulptur, Malerei, 1460-1590;Huse, Norbert;1986;334
2291;VEA0149600;Facciate sacre a scopo profano : Venezia e la politica dei monumenti dal Quattrocento al Settecento;Gaier, Martin;2002;334
12135;RAV0002005;Architettura e utopia nella Venezia del Cinquecento : Venezia, Palazzo Ducale, luglio-ottobre 1980;;1980;331
37101;VEA0743168;Il collezionismo d'arte a Venezia;;2007;310
16156;VEA1080774;Memorie. Classe di scienze morali, lettere ed arti;Plebani, Tiziana;2012;307
27382;VIA0034501;Venezia nell'Ottocento : immagini e mito;a cura di Giuseppe Pavanello, Giandomenico Romanelli;1983;305
19642;VEA0708149;Architettura e ornamento : la decorazione nel Rinascimento veneziano;Wolters, Wolfgang;2007;302
19313;VEA0118556;Architektur und Ornament : venezianischer Bauschmuck der Renaissance;Wolters, Wolfgang;2000;295
722;VEA0105601;Venezia Quarantotto: episodi, luoghi e protagonisti di una rivoluzione 1848-49;a cura di Giandomenico Romanelli ... \et al;1998;292
18956;UFI0532246;Memorie. Classe di scienze morali, lettere ed arti;Barbacetto, Stefano;2008;286
34036;BVE0005204;Giambattista and Lorenzo Bregno : Venetian sculpture in the High Renaissance;Schulz, Anne Markham;1991;278
1158;VEA0206994;Palladio's Venice : architecture and society in a Renaissance republic;Cooper, Tracy E;2005;277
2440;UBO3876903;Venice incognito : masks in the Serene Republic;Johnson, James H;2011;271
32788;RAV0024694;Venezia nell'età di Canova, 1780-1830 : Venezia, Ala Napoleonica Museo Correr, ottobre-dicembre 1978;catalogo a cura di Elena Bassi ... [et al.;1978;268
29785;VEA0083327;I gesti del principe : la festa politica a Firenze e Venezia in età rinascimentale;Casini, Matteo;1996;263
23256;VEA0048711;The honest courtesan : Veronica Franco citizen and writer in sixteenth-century Venice;Rosenthal, Margaret F;1992;259
27771;VEA0035877;Venezia ponte per ponte : ...vita, morte e miracoli ... dei 443 manufatti che attraversano i canali della citta;Gianpietro Zucchetta;1992;258
9206;MIL0506088;La voce di Venezia : Antonio Fradeletto e l'organizzazione della cultura tra Otto e Novecento;Ceschin, Daniele;2001;257
13107;VIA0061869;L'intrigo dell'onore : poteri e istituzioni nella Repubblica di Venezia tra Cinque e Seicento;Povolo, Claudio;1997;255
29369;VEA0046187;The altarpiece in Renaissance Venice;Humfrey, Peter;1993;252
5037;PUV0901637;Abiti antichi e moderni dei Veneziani;Davanzo Poli, Doretta;2001;251
24842;VEA0035852;Musica e liturgia a San Marco : testi e melodie per la liturgia delle ore dal 12. al 17. secolo;Giulio Cattin;1990;250
36001;VEA0185075;Selected writings of an eighteenth century venetian woman of letters;Caminer Turra, Elisabetta;2003;249
20798;PUV1097638;Inselstadt Venedig : Umweltgeschichte eines Mythos in der Fruhen Neuzeit;Mathieu, Christian;2007;246
34466;VEA0103366;Oriente cristiano e santita :  figure e storie di santi tra Bisanzio e l'Occidente;a cura di Sebastiano Gentile;1998;246
34197;TO01867340;Dalla galea alla nave di linea : le trasformazioni della marina veneziana (1572-1699;Candiani, Guido;2012;244
30522;RAV0253911;L'architettura veneziana del primo Rinascimento;McAndrew, John;1995;243
16219;PUV0178832;Venezia e la peste : 1348-1797;Comune di Venezia, Assessorato alla cultura e belle arti;1979;242
24293;VEA0112932;A volo d'uccello: Jacopo de' Barbari e le rappresentazioni di città nell'Europa del Rinascimento;;1999;242
11690;VEA0762586;Language and statecraft in early modern Venice;Horodowich, Elizabeth;2008;242
20936;VEA1038205;Woodcarving and woodcarvers in Venice, 1350-1550;Schulz, Anne Markham;2011;240
3826;SBL0376903;Arte e vita ebraica a Venezia : 1516-1797;Sandri, Maria Grazia;1971;238
29327;VEA1022495;The mermaids of Venice : fantastic sea creatures in Venetian Renaissance art;Luchs, Alison;2010;237
19439;RAV0701636;Fondamenta dei vetrai : lavoro, tecnologia e mercato a Venezia tra Sei e Settecento;Trivellato, Francesca;2000;234
9657;USM1921815;The inquisitor in the hat shop : inquisition, forbidden books and unbelief in early modern Venice;Barbierato, Federico;2012;233
9060;TO01473567;La circulation des biens à Venise : stratégies patrimoniales et marché immobilier, 1600-1750;Chauvard, Jean François;2005;229
17613;CFI0172718;Arte antica e cultura antiquaria nelle collezioni venete al tempo della Serenissima;Favaretto, Irene;1990;228
6069;VEA0078079;Un'altra Venezia : immagini e storia degli antichi canali scomparsi;Zucchetta, Gianpietro;1995;228
8869;CFI0414699;L'Accademia degli Incogniti di Giovan Francesco Loredan, Venezia (1630-1661;Miato, Monica;1998;227
22295;RAV0024678;Da Tiziano a El Greco: per la storia del Manierismo a Venezia, 1540-1590 : Palazzo Ducale, settembre-dicembre 1981;Pallucchini, Rodolfo;1981;223
12552;MIL0636898;Copyright in the Renaissance : prints and the privilegio in sixteenth-century Venice and Rome;Witcombe, Christopher L. C. E;2004;222
32171;RAV0149146;La politica sociale della Repubblica di Venezia, 1500-1620;Pullan, Brian;1982;221
10588;RAV0024676;Venezia e Bisanzio : Venezia, Palazzo ducale, 8 giugno-30 settembre 1974;saggio introduttivo di Sergio Bettini;1974;221
31933;VEA1129216;Celebrazione e autocritica: la Serenissima e la ricerca dell'identità veneziana nel tardo Cinquecento;a cura di Benjamin Paul;2014;220
29608;PUV1057796;Il Convento della carità e Andrea Palladio : storie, progetti, immagini;Modesti, Paola;2005;214
5004;MIL0047683;Civic ritual in renaissance Venice;Muir, Edward;1981;211
2318;PUV1139586;Famille, genre, transmission à Venise au 16. siècle;Bellavitis, Anna;2008;211
30510;VEA0113396;The tombs of the doges of Venice;Pincus, Debra;2000;210
9165;TO01512845;The architectural history of Venice;Howard, Deborah;2002;210
32213;VEA0789718;La Scuola Grande di San Rocco a Venezia;a cura di Franco Posocco e Salvatore Settis;2008;210
36000;VEA1123928;Architecture, Art and Identity in Venice and Its Territories, 1450-1750;edited by Nebahat Avcioglu and Emma Jones;2013;210
23811;VEA0043741;Women musicians of Venice : musical foundations 1525-1855;Baldauf-Berdes, Jane L;1993;207
27223;BVE0006593;I Querini Stampalia : un ritratto di famiglia nel settecento veneziano;a cura di Giorgio Busetto, Madile Gambier;1987;206
20427;VEA0075754;Le chiese di Venezia : l'arte e la storia;Concina, Ennio;1995;204
33081;VEA0058146;La memoria della salute: Venezia e il suo ospedale dal 16. al 20. secolo;a cura di Nelli-Elena Vanzan Marchini;1985;203
18281;VEA0043227;Venezia Ottocento : materiali per una storia architettonica e urbanistica della città nel secolo 19;Romanelli, Giandomenico;1977;199
30003;VEA0020702;Venezia e i suoi eroi;Loredan, Alvise;1970;198
25178;RAV0085562;Venezia e la difesa della liberta repubblicana : i valori del Rinascimento nell'eta della Controriforma;Bouwsma, William J;1977;197
18750;TO01458757;The siege of Venice;Keates, Jonathan;2005;197
17716;USM1591112;Venetians in Constantinople : nation, identity, and coexistence in the early modern Mediterranean;Dursteler, Eric R;2006;196
28049;MIL0186180;Studien zum venezianischen Wortschatz des 15. und 16. Jahrhunderts;Sallach, Elke;1993;196
9642;RAV0188125;Leonardo & Venezia;;1992;196
16536;REA0048673;San Rocco nell'arte: un pellegrino sulla via Francigena;;2000;196
28117;VIA0166318;Dagli Incurabili alla Pietà : le chiese degli Ospedali Grandi di Venezia tra architettura e musica (1522-1790;Moretti, Laura;2008;196
28407;UBO3998366;"Con libri alla mano"" : l'editoria di larga diffusione a Venezia tra Sei e Settecento";Carnelos, Laura;2012;195
21781;REA0049889;Quadri e commercio a Venezia durante il Seicento : uno studio sul mercato dell'arte;Cecchini, Isabella;2000;194
2184;PUV1350816;La rappresentazione di Venezia : Francesco Foscari;Romano, Dennis;2012;194
7841;PUV0001953;Money and banking in medieval and Renaissance Venice;Lane, Frederic Chapin;1985;191
34181;VEA1019883;Sposarsi nel Medioevo : percorsi coniugali tra Venezia, mare e continente;Orlando, Ermanno;2010;191
37113;RAV0023945;La Libreria di San Marco : libri, lettori, società nella Venezia dei Dogi;Zorzi, Marino;1987;190
28202;PAL0072351;Peintres et commanditaires à Venise, 1540-1628;Hochmann, Michel;1992;187
19386;CFI0086028;Nascere a Venezia: dalla Serenissima alla prima guerra mondiale;;1985;187
20242;VEA0180703;Venezia fra arte e guerra, 1866-1918: opere di difesa, patrimonio culturale, artisti, fotografi;a cura di Giorgio Rossini, in collaborazione con Roberta Battaglia, Gabriella Delfini, Ettore Merkel;2003;187
32150;CFI0163731;Memorie. Classe di scienze morali, lettere ed arti;Magani, Fabrizio;1989;186
3930;CFI0217225;Chioggia al tramonto del Medioevo;Perini, Sergio;1992;185
6979;SGE0024421;Venezia medievale nella modernità : storici e critici della cultura europea fra Otto e Novecento;Rando, Daniela;2014;185
37099;VEA0203930;Medici e comunità : esempi dalla terraferma veneta dei secoli 16. e 17;Bartolini, Donatella;2006;185
33386;VEA0151027;Eine Stadt lernt schreiben : Venedig vom 10. bis zum 12. Jahrhundert;Fees, Irmgard;2002;184
3691;VEA0036988;La pittura nell'eta di Carpaccio : i grandi cicli narrativi;Brown, Patricia Fortini;1992;182
7340;VEA1085052;Plague hospitals : public health for the city in early modern Venice;Stevens Crawshaw, Jane;2012;181
31737;CFI0145444;Collezioni di antichità a Venezia nei secoli della Repubblica: dai libri e documenti della Biblioteca Marciana : mostra, 27 maggio-31 luglio 1988;catalogo a cura di Marino Zorzi;1988;180
6601;PUV1165971;Memorie. Classe di scienze morali, lettere ed arti;Candiani, Guido;2009;180
12953;PUV0452950;Tradesmen and traders : the world of the guilds in Venice and Europe;Mackenney, Richard;1987;179
34043;NAP0214978;Il Rinascimento a Venezia e la pittura del Nord ai tempi di Bellini, Dürer, Tiziano;a cura di Bernard Aikema, Beverly Louise Brown;1999;179
31316;TSA1404381;Alexandrie medievale;Sopracasa, Alessio;2013;178
36889;VEA1143752;Die Verwandlung der Stadt : Venedig und die Literatur im 18. Jahrhundert;Robert Fajen;2013;178
19483;VEA0128578;I lumi nelle campagne : accademie e agricoltura nella Repubblica di Venezia, 1768-1797;Simonetto, Michele;2001;177
9030;VEA0207312;Building Renaissance Venice : patrons, architects and builders, c. 1430-1500;Goy, Richard J;2006;176
32414;LO11250262;La rotta di Ghiaradadda : Agnadello, 14 maggio 1509;Centro studi storici della Geradadda;2009;176
10372;VEA1126773;L' Opera a Venezia nel 17. secolo : la nascita di un genere;Rosand, Ellen;2013;176
25943;BVE0051602;Sarpi scettico : Stato e Chiesa a Venezia tra Cinque e Seicento;Frajese, Vittorio;1994;175
35949;VEA1039775;Cronache di Venezia in volgare della Biblioteca Nazionale Marciana : catalogo;Campana, Carlo;2011;175
22082;VIA0080590;Memorie. Classe di scienze morali, lettere ed arti;Zolli, Paolo;1971;173
34645;RAV0082263;Giardini segreti a Venezia;Berengo Gardin, Gianni;1988;173
24629;CFI0111639;Il patriziato veneziano : la realtà contro il mito;Queller, Donald E;1987;172
35535;PUV1167545;Sitibondo nel stampar de' libri : Niccolò Zoppino tra libro volgare, letteratura cortigiana e questione della lingua;Severi, Luigi;2009;172
209;VEA0095332;Lo statuario pubblico della Serenissima: due secoli di collezionismo di antichità, 1596-1797;a cura di Irene Favaretto, Giovanna Luisa Ravagnan;1997;171
35243;VIA0127336;Venezia : luoghi di paure e voluttà;Vanzan Marchini, Nelli-Elena;2005;171
23831;CFI0199032;Venezia Ottocento : l'architettura, l'urbanistica;Romanelli, Giandomenico;1988;170
18223;VEA0040294;L'impero di Trebisonda, Venezia, Genova e Roma, 1204-1461 : rapporti politici, diplomatici e commerciali;Karpov, Sergej Pavlovič;1986;170
37144;UBO2555689;I Sagredo : committenti e collezionisti d'arte nella Venezia del Sei e Settecento;Mazza, Cristiana;2004;169
21145;USM1894258;Fra Mauros Mappa Mundi and Fifteenth-century Venice;Cattaneo, Angelo;2011;168
30746;VIA0180079;I Dogi di Venezia : nella vita pubblica e privata;Da Mosto, Andrea;1977;164
34625;UBO3842599;La carità e l'eros : il matrimonio, la Chiesa, i suoi giudici nella Venezia del Rinascimento, 1420-1545;Cristellon, Cecilia;2010;163
5326;VEA0004522;L'oro dello Stato : societa, finanza e fisco nella Repubblica veneta del secondo '500;Pezzolo, Luciano;1990;163
17118;RML0034027;Dispacci;;1992;162
37062;VEA0696876;Francesco Guardi : Venezianische Feste und Zeremonien;Friedrichs, Cornelia;2006;162
3258;RAV0039334;Byzantium and Venice : a study in diplomatic and cultural relations;Nicol, Donald M;1988;161
16285;VEA0020292;Nicolas Jenson and the rise of Venetian publishing in the Renaissance Europe;Lowry, Martin;1991;161
5878;VEA0104356;Il mondo di Giacomo Casanova: un veneziano in Europa, 1725-1798;;1998;160
33932;VEA0016377;Le chiese di Venezia;Franzoi, Umberto;1976;160
33011;SBL0651158;Venice and the defense of republican liberty : Renaissance values in the age of the Counter Reformation;Bouwsma, William J;1968;159
907;VEA0097519;Il patriziato veneziano alla fine della Repubblica : 1646-1797;Hunecke, Volker;1997;159
13782;VEA1095204;Daniele Manin and the Venetian Revolution of 1848-49;Ginsborg, Paul;1979;159
19029;TO00344386;The myth of Venice and Dutch republican thought in the seventeenth century;Haitsma Mulier, Eco Oste Gaspard;1980;158
4487;RML0179179;Naviguer, commercer, gouverner : économie maritime et pouvoirs à Venise;Judde de Lariviere, Claire;2008;158
12626;RAV0037033;Capricci veneziani del Settecento;catalogo della mostra a cura di Dario Succi;1988;155
23856;MIL0125039;Der venezianische Adel bis zur Schliessung des Grossen Rats : zur Genese einer Fuhrungsschicht;Rösch, Gerhard;1989;154
20744;RAV0173007;Arti e mestieri a Venezia nel Medioevo e nel Rinascimento;Brunello, Franco;1981;154
7455;BVE0000359;Venetian vernacular architecture : traditional housing in the Venetian lagoon;Goy, Richard John;1989;154
1587;VEA1046283;Venezia '700 : arte e società nell'ultimo secolo della Serenissima;Favilla, Massimo;2011;154
33000;PUV0344807;Venezia e l'Impero : 962-1250;Rösch, Gerhard;1985;153
3699;VEA0145043;Venezia|: Kunst aus venezianischen Palasten : Sammlungsgeschichte Venedigs vom 13. bis 19. Jahrhundert;;2002;153
23464;PUV1110527;Information and communication in Venice : rethinking early modern politics;De Vivo, Filippo;2007;152
33091;TO00348156;Der venezianische Adel am Ende der Republik 1646-1797 : Demographie, Familie, Haushalt;Hunecke, Volker;1995;151
32099;CFI0617028;Storia dell'architettura di Venezia dal 7. al 20. secolo;Concina, Ennio;2004;151
15867;LO10330035;Printing and publishing in fifteenth-century Venice;Gerulaitis, Leonardas Vytautas;1976;150
28104;VEA1002935;Le schede dei manoscritti medievali e umanistici del fondo E. A. Cicogna;1;2008;150
21459;BVE0065385;La ricerca dell'archetipo nelle costruzioni : le ipotesi, un esempio: gli archetipi costruttivi a Venezia;Barbisan, Umberto;1994;150
26843;VEA0053810;1650 Giardino di Cha Gualdo;Gualdo, Girolamo;1972;149
14182;TO01797276;Venice's most loyal city : civic identity in Renaissance Brescia;Bowd, Stephen D;2010;148
10634;VEA0152806;L'eau, le rêve et le temps : Venise vue par les voyageurs français de 1850 à 1920;Misan-Montefiore, Jacques;2003;147
23316;CFI0078558;Venetian narrative painting in the age of Carpaccio;Brown, Patricia Fortini;1988;146
17138;PUV0337068;Money and banking in medieval and Renaissance Venice;Mueller, Reinhold C;1997;146
10303;MIL0088234;L'inquisizione romana e l'editoria a Venezia : 1540-1605;Grendler, Paul F;1983;146
18699;SBL0103568;L'influsso linguistico greco a Venezia;Cortelazzo, Manlio;1970;146
8112;UFI0341605;The silk industry of Renaissance Venice;Molà, Luca;2000;146
7971;PUV0327562;Memorie. Classe di scienze morali, lettere ed arti;Pizzati, Anna;1997;146
17518;SBL0467008;Venezia scomparsa;Alvise Zorzi;1972;146
11234;VEA0174911;La rivoluzione restaurata : il 1848-1849 a Venezia fra memoria e oblio;Cecchinato, Eva;2003;145
23180;TO01238609;Women and men in early modern Venice : reassessing history;Datta, Satya;2003;145
1941;VEA0099173;Venise: une invention de la ville : 13.-15. siecle;Crouzet-Pavan, Élisabeth;1997;144
30549;MIL0512166;Identité, mariage, mobilité sociale : citoyennes et citoyens à Venise au 16. siècle;Bellavitis, Anna;2001;143
26141;LO11124880;A linguistic history of Venice;Ferguson, Ronnie;2007;142
2690;MIL0630361;Rotte mediterranee e baluardi di sanità : Venezia e i lazzaretti mediterranei;a cura di Nelli-Elena Vanzan Marchini;2004;141
4304;SBL0229217;Rich and poor in Renaissance Venice : the social institutions of a catholic state, to 1620;Pullan, Brian;1971;140
11944;VEA0981654;"La chiesa dei Santi Cosma e Damiano a Venezia : un tempio benedettino ""ritrovato"" alla Giudecca";a cura di Claudio Spagnol;2008;140
10765;MIL0745889;I nomi degli altri : conversioni a Venezia e nel Friuli Veneto in età moderna;Ioly Zorattini, Pietro;2008;140
12177;CFI0004326;Una cronaca vicentina del Cinquecento;Guérin Dalle Mese, Jeannine;1983;139
12436;PUV0033133;Nel regno dei poveri : arte e storia dei grandi ospedali veneziani in eta moderna;Aikema, Bernard;1989;138
36947;RAV0050980;Catalogo della pinacoteca della Fondazione scientifica Querini Stampalia;Fondazione scientifica Querini Stampalia;1979;138
15473;VEA0207279;Patrimoines immobiliers ecclésiastiques dans la Venise médiévale, 11.-15. siècle : une lecture de la ville;Masè, Federica;2006;138
35286;LO10330021;The world of Aldus Manutius : business and scholarship in Renaissance Venice;Lowry, Martin;1979;137
3334;BVE0437716;La Repubblica di Venezia : la storia secolare di questa città straordinaria, le circostanze che la resero grande e le cause che ne provocarono la decadenza;Diehl, Charles;2007;137
15858;UBO1441232;I dogi : storia e segreti;Rendina, Claudio;1993;137
7566;CFI0102001;Venetian humanism in an age of patrician dominance;King, Margaret L;1986;136
1181;VEA0004880;Il Palazzo ducale di Venezia;Franzoi, Umberto;1990;136
36378;SBL0588203;Christ in the Council Hall : studies in the religious iconography of the Venetian Republic;Sinding-Larsen, Staale;1974;136
18378;RAV0187874;Antonio Canova;Canova, Antonio;1992;135
5668;UMC0100432;Aspiring saints : pretense of holiness, inquisition, and gender in the Republic of Venice, 1618-1750;Schutte, Anne Jacobson;2001;135
34060;PUV1071138;Tra fatto e diritto : avvocati e causidici a Venezia nell'età moderna;Gasparini, Silvia;2005;135
625;CFI0059405;Il mondo di Aldo Manuzio : affari e cultura nella Venezia del Rinascimento;Lowry, Martin;1984;134
263;VEA0040542;Dispacci;;1992;134
31603;CFI0082586;Chioggia and the villages of the Venetian lagoon : studies in urban history;Goy, Richard John;1985;133
28690;LO10769935;Antonio Zanchi e la pittura veneziana del Seicento;Riccoboni, Alberto;1967;133
15393;VEA1007649;Venezia barocca : splendori e illusioni di un mondo in «decadenza»;Favilla, Massimo;2009;132
25761;NAP0379593;Gothic architecture in Venice;Arslan, Edoardo;1971;131
22837;CFI0180192;Le cortigiane di Venezia: dal Trecento al Settecento : catalogo della Mostra;;1990;131
12658;UBO1598533;Print culture and music in sixteenth-century Venice;Bernstein, Jane A;2001;131
15046;BVE0002087;Piety and patronage in Renaissance Venice : Bellini, Titian and the Franciscans;Goffen, Rona;1986;130
35546;VEA1140947;A Venetian Island : environment, history and change in Burano;Sciama, Lidia D;2003;130
27953;TSA0040998;S. Leonardo in Fossa Mala e altre fondazioni medievali lagunari : restituzione territoriale, storica e archeologica;Fersuoch, Lidia;1995;129
18359;VEA0158720;Il Tesoro di San Marco e la sua storia;Gallo, Rodolfo;1967;128
24625;RML0115522;Venice and Venetia under the Habsburgs, 1815-1835;Laven, David;2002;128
17302;CFI0196332;La scuola nel Rinascimento italiano;Grendler, Paul F;1991;128
17616;VEA1101039;Venezia in gramaglie : funerali pubblici nel lungo Ottocento;Pasini, Piero;2013;128
22915;SBL0285889;La basilica dei santi Giovanni e Paolo in Venezia;Zava Boccazzi, Franca;1965;127
5024;BVE0055905;In nome del gran signore : inviati ottomani a Venezia dalla caduta di Costantinopoli alla guerra di Candia;Pedani, Maria Pia;1994;127
29746;CFI0417770;Adriatico e Mediterraneo orientale : una dinastia mercantile ebraica del secondo '600;Bonazzoli, Viviana;1998;127
37189;VEA0150074;Costruire Venezia : cinquecento anni di tecnica edilizia in laguna;Becker, Frank;2002;127
30035;VIA0091641;Le vite dei dogi, 1474-1494;edizione critica e note a cura di Angela Caracciolo Aricò;2001;127
22879;TO00106920;Monasteri benedettini nella laguna veneziana : catalogo di mostra;a cura di Gabriele Mazzucco;1983;126
10941;BVE0166651;Glassmaking in Renaissance Venice : the fragile craft;McCray, W. Patrick;1999;126
6993;RAV0051617;Storia della ceramica a Venezia : dagli albori alla fine della Repubblica;Alverà Bortolotto, Angelica;1981;126
36440;USM1913691;Le smanie per l'educazione : gli scolopi a Venezia tra Sei e Settecento;Sangalli, Maurizio;2012;126
27191;VEA0119334;The painters reflection : self-portraiture in Renaissance Venice, 1458-1625;Brown, Katherine T;2000;126
9103;RAV0158613;Canal Grande;Zorzi, Alvise;1991;125
12179;MOD0951234;I patti con Bologna (1227-1321;Venezia;2005;125
35185;VEA1115490;Urban elites of Zadar : Dalmatia and the Venetian Commonwealth (1540-1569;Sander-Faes, Stephan Karl;2013;125
4458;PUV0390765;Venezianische Vermachtnisse : die soziale und wirtschaftliche Situation von Frauen im Spiegel spatmittelalterlicher Testamente;Guzzetti, Linda;1998;124
13549;VIA0143607;Memorie. Classe di scienze morali, lettere ed arti;Neerfeld, Christiane;2006;124
21196;RAV0131555;Bernardo Bellotto;Kozakiewicz, Stefan;1972;124
36116;RAV0228502;Patrizi e popolani : la societa veneziana nel Trecento;Romano, Dennis;1993;123
27376;TO00746027;The Venetian upper clergy in the 16th and early 17th centuries : a study in religious culture;Logan, Oliver;1996;123
36766;LO10780644;Storia della pittura veneziana;Pallucchini, Rodolfo;1964;122
35640;RAV0040099;Fanti e denari : sei secoli di giochi d'azzardo;;1989;122
4712;CFI0126673;Reichtum und Macht im mittelalterlichen Venedig : die Familie Ziani;Fees, Irmgard;1988;121
36030;SBL0484841;Il vetro di Murano dalle origini ad oggi;Gasparetto, Astone;1958;121
30378;CFI0058284;I vagabondi : la società e lo Stato nella Repubblica di Venezia alla fine del '700;Meneghetti, Francesca;1984;120
10396;NAP0191244;Medieval trade in the Mediterranean world : illustrative documents;Lopez, Roberto S;1955;120
11929;VEA1084648;Brokering empire : trans-imperial subjects between Venice and Istanbul;Rothman, E. Nathalie;2012;120
6968;VEA0052564;Le Venezie possibili : da Palladio a Le Corbusier;a cura di Lionello Puppi, Giandomenico Romanelli;1985;119
16160;RAV0034690;Vetro e vetrai di Murano : studi sulla storia del vetro;Luigi Zecchin;1987;119
18943;VEA0194174;Der gotische Dogenpalast in Venedig : Baugeschichte und Skulpturenprogramm des Palatium Communis Venetiarum;Lermer, Andrea;2005;118
34224;VEA1080831;Nuns and reform art in early modern Venice : the architecture of Santi Cosma e Damiano and its decoration from Tintoretto to Tiepolo;Paul, Benjamin;2012;118
1339;LO10330029;The Roman Inquisition and the Venetian press, 1540-1605;Grendler, Paul F;1977;117
2038;VEA0038767;Dispacci;;1991;117
34022;BVE0013664;Tommaso Temanza e l'architettura civile : Venezia e il settecento: diffusione e funzionalizzazione dell'architettura;Valle, Patrizia;1989;115
33245;VEA1123666;Dentro le case : abitare a Venezia nel Cinquecento;Palumbo Fossati Casa, Isabella;2013;115
1439;VEA0182343;Opera fatta diligentissimamente : restauri di sculture classiche a Venezia tra Quattro e Cinquecento;De Paoli, Marcella;2004;114
10311;URB0896304;Hesperia ... : studi sulla grecità di Occidente;Bassani, Maddalena;2012;114
13109;NAP0093738;Architettura del Sei e Settecento a Venezia;Bassi, Elena;1962;113
7953;BVE0051905;Governanti e governati : legittimità del potere ed esercizio dell'autorità sovrana nello Stato veneto della prima età moderna;Viggiano, Alfredo;1993;113
18529;VEA0051264;The horses of San Marco and the quadriga of the lord;Jacoff, Michael;1993;113
5206;VEA1023289;Patrizi e cardinali : Venezia e le istituzioni ecclesiastiche nella prima eta moderna;Del Torre, Giuseppe;2010;113
13372;VEA0012106;Il Bucintoro : la festa e la fiera della Sensa dalle origini alla caduta della Repubblica;Urban, Lina;1988;112
19331;VEA0075584;Le système de l'Incanto des galées du marché à Venise (fin 13.e-milieu 15.e siècle;Stöckly, Doris;1995;111
15754;VEA0094289;Uva passa : una guerra commerciale tra Venezia e l'Inghilterra, 1540-1640;Fusaro, Maria;1996;111
31169;BVE0094713;Monumenta Peloponnesiaca : documents for the history of the Peloponnese in the 14. and 15. centuries;edited by J. Chrysostomides;1995;111
27725;VEA1125616;Splendore a Venezia : Art et Musique de la Renaissance au Baroque dans la Sérénissime;sous la direction de Hilliard T. Goldfarb;2013;111
10928;VEA0094566;Le minoranze orientali a Venezia, 1300-1510;Imhaus, Brunehilde;1997;110
6545;FER0079570;Arti e mestieri nella Repubblica di Venezia;;1980;110
35134;VEA0010594;Arte degli squerarioli;a cura di Giovanni Caniato;1985;110
9529;UBO2480186;Monache : vivere in convento nell'età della Controriforma;Laven, Mary;2004;110
11052;PUV0409565;I trattati con Genova 1136-1251;Venezia;2000;110
34430;VEA0107484;Memorie. Classe di scienze morali, lettere ed arti;Sangalli, Maurizio;1999;110
26581;CFI0200822;I piccoli principi : signorie locali, feudi e comunità soggette nello Stato regionale veneto dall'espansione territoriale ai primi decenni del '600;Zamperetti, Sergio;1991;109
31290;VIA0069971;Processioni e feste dogali : Venetia est mundus;Urban, Lina;1998;109
23082;VIA0060662;Memorie. Classe di scienze morali, lettere ed arti;Frank, Martina;1996;108
24992;TO01374721;Women, sex and marriage in early modern Venice;Hacke, Daniela;2004;108
23692;VIA0079737;Le vie di Venezia : canali lagunari e rii a Venezia: inventori, brevetti, tecnologia e legislazione nei secoli 13.-18;Berveglieri, Roberto;1999;108
2853;VEA0072585;Dispacci;;1994;108
10013;VIA0183458;Campi veneziani;Crivellari Bizio, Marina;2009;108
18476;VEA1105256;Venise et son empire en Méditerranée : 9.-15. siècle;Doumerc, Bernard;2012;108
18096;VEA0028765;La Fondazione Monastica di San Nicolo di Lido : 1053-1628;Fabbiani, Licia;;107
2517;SBL0315480;Storia di Venezia;Norwich, John Julius;1982;107
22275;PUV1162053;Da Padova a Venezia nel medioevo : terre mobili, confini, conflitti;Simonetti, Remy;2009;105
29102;VEA1092705;La chiesa di San Bartolomeo e la comunità tedesca a Venezia;a cura di Natalino Bonazza, Isabella di Lenardo, Gianmario Guidarelli;2013;105
29224;MIL0479269;La quadreria di Agostino e Giovan Donato Correggio nel collezionismo veneziano del Seicento;Borean, Linda;2000;103
3394;VEA0196688;Ricchezza e potenza nella Venezia medioevale : la famiglia Ziani;Fees, Irmgard;2005;103
29299;VEA0040539;Dispacci;;1991;103
29928;VEA0126078;Zecca : the mint of Venice in the Middle Ages;Stahl, Alan M;2000;102
10515;CFI0107786;Le città nella storia d'Italia;Bellavitis, Giorgio;1985;102
12284;NAP0381946;Giovanni Lanfredini : uomo d'affari e diplomatico nell'Italia del Quattrocento;Scarton, Elisabetta;2007;101
22973;CFI0310243;Un castello in Laguna : storia dei molini Stucky;Giuseppetti, Raffaella;1995;100
35763;MIL0200799;Una Chiesa di frontiera : le istituzioni ecclesiastiche veneziane nei secoli 6.-12;Rando, Daniela;1994;99
11573;IEI0226084;Venezia e Ungheria : la storia travagliata di una vicinanza;Jaszay, Magda;2004;99
11662;VIA0097382;Venezia : guida letteraria;Raso, Carlo;2002;99
36470;CFI0547989;Französische Venedig-Reisen im 16. und 17. Jahrhundert : Wandlungen des Venedig-Bildes und der Reisebeschreibung;Cladders, Brigitta;2002;98
28008;VEA0044983;Lo Spectator e i giornali veneziani del Settecento;Colombo, Rosy;1966;98
17188;CFI0130004;Pier Paolo Vergerio e la riforma a Venezia, 1498-1549;Schutte, Anne Jacobson;1988;98
3869;VEA0997887;La Chiesa di San Salvador: storia arte teologia : atti del Convegno pluridisciplinare nel cinquecentenario della fabbrica;a cura di Gianmario Guidarelli;2009;97
11851;MIL0423249;Virgil and the myth of Venice : books and readers in the Italian Renaissance;Kallendorf, Craig;1999;96
6616;CFI0120970;L'assicurazione marittima a Venezia nel 15. secolo;Nehlsen-von Stryk, Karin;1988;96
14654;VEA0008120;Vetro e vetrai di Murano : studi sulla storia del vetro;Luigi Zecchin;1990;96
27650;RAV0006894;Venezia e la difesa del Levante : da Lepanto a Candia 1570-1670;;1986;95
14959;MIL0303565;Veneta auctoritate notarius : storia del notariato veneziano, 1514-1797;Pedani, Maria Pia;1996;95
12957;CFI0184772;Storia di una grande paura : la sodomia a Firenze e a Venezia nel Quattrocento;Canosa, Romano;1991;95
24931;VEA0001100;Pallade Veneta : writings on music in Venetian society;Selfridge-Field, Eleanor;1985;94
19597;TO01202555;Voyages : 1557-1565;Magno, Alessandro;2002;94
21887;TO01799404;Chiese di Venezia;Boccato, Alessandra;2010;93
33947;VEA0775619;Zecca : la Zecca di Venezia nell'età medioevale;Stahl, Alan M;2008;93
13384;CFI0194978;L'armata di mare e la difesa dell'impero coloniale veneziano;Ciano, Cesare;1989;93
16425;RAV0247651;Il tesoro di San Marco;;1994;93
21795;VEA0981765;Palazzo Grimani a Santa Maria Formosa : storia, arte, restauri;a cura di Annalisa Bristot;2008;93
603;VIA0168736;La Chiesa di San Francesco della Vigna e il Convento dei frati minori : storia, arte, architettura;Onda, Silvano;2008;93
17083;VEA0127167;Immagini dal mito: la conquista veneziana della Morea, 1684-1699;a cura] di  Laura Marasso, Anastasia Stouraiti;2001;92
19557;TO00077039;Die venezianische Seeversicherung im 15. Jahrhundert;Nehlsen-von Stryk, Karin;1986;92
8618;VEA0018646;Giuseppe Compagnoni e gli ultimi anni della Repubblica di Venezia;Ellero, Roberto;1991;92
13033;PUV1060835;I patti con il patriarcato di Aquileia, 880-1255;Venezia;2005;92
37139;RAV0341506;Istoria Veneticorum;Ioannes : Diaconus;1999;91
22908;LO10868552;In Adriatico nell'antichità e nell'alto Medioevo : da Dionigi di Siracusa ai Dogi Orseolo;Tomaz, Luigi;2003;91
10693;VEA0022123;Storia del carnevale di Venezia;Reato, Danilo;1991;90
21261;TO00942842;Venise des voyageurs romantiques francais;Misan-Montefiore, Jacques;2000;90
28748;VEA0009411;Ca' Vendramin Calergi;Gemin, Massimo;1990;89
22140;RAV0222195;Politica e carriere ecclesiastiche nel secolo 17. : i vescovi veneti fra Roma e Venezia;Menniti Ippolito, Antonio;1993;89
30057;CFI0023138;Gli ebrei d'Europa e l'Inquisizione a Venezia dal 1550 al 1670;Pullan, Brian;1985;89
37162;VEA1042579;Atlante della Messenia veneziana : Corone, Modone, Pilos e le loro isole;Nanetti, Andrea;2011;88
8612;VEA0045675;Venezia : nascita di una citta;Bettini, Sergio;1988;88
21901;VEA0147821;Niccolò Tommaseo e il suo mondo: patrie e nazioni;catalogo della Mostra a cura di Francesco Bruni;2002;88
4978;CFI0027655;Venezia scomparsa;Zorzi, Alvise;1984;87
6232;UBO2909465;Inventing the business of opera : the impresario and his world in seventeenth-century Venice;Glixon, Beth L;2006;87
17344;VEA0190413;Le vite dei dogi, 1423-1474;Sanudo, Marino;2004;87
2837;RAV0050699;Venezia gotica : l'architettura civile gotica veneziana;Arslan, Edoardo;1970;86
28287;BVE0193041;The architectural history of Venice;Howard, Deborah;1980;86
29603;VEA0080252;La mort lente de Torcello : histoire d'une cité disparue;Crouzet-Pavan, Élisabeth;1995;86
3085;PUV0779850;Marriage wars in late Renaissance Venice;Ferraro, Joanne M;2001;86
12721;VEA0133470;L'ingegneria civile a Venezia : istituzioni, uomini, professioni da Napoleone al fascismo;a cura di Franca Cosmai, Stefano Sorteni;2001;86
5957;SBL0311977;Venezia : cultura e societa;Logan, Oliver;1980;86
20355;VEA0147985;Ludovico Gritti : un principe-mercante del Rinascimento tra Venezia, i turchi e la corona d'Ungheria;Nemeth, Gizella;2002;86
17160;VEA1062164;La Nikopeia : immagine di culto, Palladio, mito veneziano;Samerski, Stefan;2012;86
13769;RAV0145767;Torcello : ricerche e contributi;Vecchi, Maurizia;1979;85
11187;MIL0167016;Espaces, pouvoir et société à Venise à la fin du Moyen Âge;Elisabeth Crouzet-Pavan;1992;85
4855;VIA0085239;Marmi della basilica di San Marco : capitelli, plutei, rivestimenti, arredi;a cura di Irene Favaretto ... \et al;2000;85
31812;VIA0087990;Storia dell'acqua alta a Venezia : dal Medioevo all'Ottocento;Zucchetta, Gianpietro;2000;84
5337;VEA0123683;La scuola di San Fantin o dei Picai : carità e giustizia a Venezia;Traverso, Chiara;2000;84
31025;VEA0047982;Gasparo Contarini : Venice, Rome, and Reform;Gleason, Elisabeth G;1993;84
23165;RAV0049221;Eraclea veneta : immagine di una citta sepolta;Tozzi, Pierluigi;1984;84
25133;PUV1005637;Venise au Moyen Age;Hocquet, Jean-Claude;;84
32619;PUV0314517;Memorie. Classe di scienze morali, lettere ed arti;Tessitori, Paola;1997;83
24448;RAV0649226;La Repubblica inquieta : Venezia nel Seicento tra Italia ed Europa;Andretta, Stefano;2000;83
34075;VIA0073369;I mercati nella Repubblica veneta : economie cittadine e Stato territoriale, secoli 15.-18;Lanaro, Paola;1999;83
28807;VEA1141201;Weltmacht mit Ruder und Segel : geschichte der Republik Venedig, 800-1600;Peter Feldbauer, Jim Morrissey;2002;83
16428;VEA0065368;Navigatori e viaggiatori veneti sulla rotta per l'India : da Marco Polo ad Angelo Legrenzi;Grossato, Alessandro;1994;83
2812;VEA0002112;L'organizzazione militare di Venezia nel '400;Mallett, Michael;1989;82
22339;FER0182878;Grado, Venezia, i Gradenigo : catalogo della mostra;a cura di Marino Zorzi, Susy Marcon;2001;82
35012;CFI0288350;Memorie. Classe di scienze morali, lettere ed arti;Molà, Luca;1994;81
22802;VEA0007780;Witchcraft and the Inquisition in Venice 1550-1650;Martin, Ruth;1989;81
30285;CFI0173528;L'organizzazione militare di Venezia nel '500;Hale, John Rigby;1990;81
37182;CFI0189500;I palazzi veneziani;Zorzi, Alvise;1989;81
15107;VEA0113383;La Scuola grande della Misericordia di Venezia : storia e progetto;a cura di Gianni Fabbri;1999;81
23622;PUV1309331;Mysterium Venedig : die Markusrepublik als politisches Argument in der Neuzeit;Frohlich, Martin;2010;81
30308;VEA1122899;Histoire du carnaval de Venise : 11.-21. siècle;Bertrand, Gilles;2013;81
9310;TO00324714;La società veneta alla fine del Settecento : ricerche storiche;Berengo, Marino;1956;80
29202;CFI0002093;L'arsenale di Venezia : storia di una grande struttura urbana;Bellavitis, Giorgio;1983;80
11546;UBO0043249;The dress of the Venetians, 1495-1525;Newton, Stella Mary;1988;80
20299;VEA0070582;Le stoffe dei veneziani;Davanzo Poli, Doretta;1994;80
16253;MIL0333219;La guerra dei pugni : cultura popolare e violenza pubblica a Venezia nel tardo Rinascimento;Davis, Robert C;1997;80
9997;RAV0108549;Vetro e vetrai di Murano : studi sulla storia del vetro;Luigi Zecchin;1989;80
22596;CFI0427021;La difesa militare della terraferma veneta nel Settecento;Perini, Sergio;1998;79
26816;VEA1002010;Gli archivi del Consiglio dei Dieci : memoria e istanze di riforma nel secondo Settecento veneziano;Vianello, Amelia;2009;79
15122;CFI0790611;Pale a Prora! : storia della Scuola navale militare Francesco Morosini e dell'istruzione marinaresca a Venezia dalla Serenissima ai giorni nostri;Tirondola, Andrea;2012;79
18439;LO10358855;Marin Faliero : il doge decapitato;Campolieti, Giuseppe;1995;79
18158;PUV0321764;The military organization of a renaissance state : Venice c. 1400 to 1617;Mallett, Michael;1984;78
33304;VEA0108692;Voci per un dizionario del Quarantotto : Venezia e Mestre, marzo 1848 agosto 1849;Brunello, Piero;1999;78
11386;VEA0079994;Palazzo Bonfadini-Vivante;testi di Francesco Amendolagine ... \et al;1995;78
12630;BVE0519196;"Ruskin on Venice : ""The Paradise of Cities";Hewison, Robert;2009;78
10711;PUV0727554;Il disegno veneziano del Cinquecento;Rearick, William R;2001;78
19430;CFI0486367;Le colonne del Ciborio dell'altare maggiore di San Marco a Venezia : nuovi argomenti a favore di una datazione in epoca protobizantina;Weigel, Thomas;2000;78
27359;MIL0159215;Una famiglia veneziana e la conservazione della ricchezze : i Donà dal '500 al '900;Davis, James Cushman;1980;78
29854;VEA1134587;Levante : Veneti e Ottomani nel 18. secolo;Ianiro, Erica;2014;78
20026;VEA0066210;Omaggio a San Marco : tesori dall'Europa;a cura di Hermann Fillitz, Giovanni Morello;1994;77
4663;PIS0035097;I voli dell'arcangelo : studi su d'Annunzio, Venezia ed altro;Giacon, Maria Rosa;2009;77
4726;VEA1000506;La laguna di Venezia : idea e immagine;Rossetto, Tania;2009;77
20772;VIA0252556;Manet: Ritorno a Venezia;una mostra ideata e progettata da Gabriella Belli e Guy Cogeval;2013;77
30615;VIA0080047;Arazzi della Basilica di San Marco;a cura di Loretta Dolcini, Doretta Davanzo Poli, Ettore Vio;1999;76
10042;PUV0452312;The urban patriciate : Lubeck and Venice;Cowan, Alexander Francis;1986;75
158;VEA0744293;Il Settecento veneziano : la letteratura;Rosada, Bruno;2007;75
12950;PUV0039404;The religious paintings of Giambattista Tiepolo : piety and tradition in eighteeth century Venice;Barcham, William L;1989;74
37499;PUV0259190;Trading nations : Jews and Venetians in the early modern eastern Mediterranean;Arbel, Benjamin;1995;74
19925;CFI0760677;Cronica di Venexia detta di Enrico Dandolo : origini-1362;a cura di Roberto Pesce;2010;74
23769;VEA0690689;The arts and crafts of fashion in Venice: from the 13. to the 18. century;curator Doretta Davanzo Poli;2005;74
2574;UFI0052414;Corpus Palladianum;Bassi, Elena;1971;73
33236;UR10004655;The jews of Europe and the inquisition of Venice, 1550-1670;Pullan, Brian;1983;73
8682;VEA0095616;Dai dogi agli imperatori: la fine della Repubblica tra storia e mito;;1997;73
6860;VEA0076209;Venise et la porte ottomane (1453-1566) : un siecle de relations veneto-ottomanes de la prise de Constantinople a la mort de Soliman;Viallon, Marie F;1995;73
31537;PUV0970071;Operai, mezzadi, mercanti : tessitori e industria della seta a Venezia tra '600 e '700;Della Valentina, Marcello;2003;73
2369;VEA0114545;Le arti decorative a Venezia;Davanzo Poli, Doretta;1999;72
28585;UFI0026451;Il giardino veneziano : la storia, l'architettura, la botanica;Cunico, Mariapia;1989;72
22922;VEA0699049;Le mariegole della biblioteca del Museo Correr;a cura di] Barbara Vanin, Paolo Eleuteri;2007;72
17531;PUV1158259;Il patto con Geoffroy de Villehardouin per il Peloponneso 1209;Venezia;2009;72
9451;LO10324523;L'Arsenale di Venezia;Nani Mocenigo, Mario;1938;71
11520;VEA0778693;Democrazia e religione a Venezia : il patriarca Giovanelli e il suo clero negli anni dell'incertezza (1793-1800;Tonizzi, Fabio;2008;71
11922;VEA0132459;Venice : a documentary history, 1450-1630;edited by David Chambers and Brian Pullan;2001;71
19288;IEI0288314;Storia di Venezia città delle donne : guida ai tempi, luoghi e presenze femminili;testo storico di Tiziana Plebani;2008;71
9437;TO00920774;Fedeli sudditi e buoni cristiani : la rivoluzione scolastica di fine Settecento tra la Lombardia austriaca e la Serenissima;Gecchele, Mario;2000;71
5821;VEA0693943;Venise;Venise: un art de vivre;2006;71
11661;VIA0011988;Antichi strumenti veneziani, 1500-1800 : quattro secoli di liuteria e cembalaria;Toffolo, Stefano;1987;70
20317;VIA0143823;Memorie. Classe di scienze morali, lettere ed arti;Giormani, Virgilio;2006;70
36400;PUV0260431;Atti e memorie della Società dalmata di storia patria;Jacov, Marko;1991;70
31799;RAV0148589;Quando San Marco approdò a Venezia : il culto dell'evangelista e il miracolo politico della Repubblica di Venezia;Lebe, Reinhard;1981;69
18471;RML0169062;I Bregno a Venezia : Antonio e Paolo Bregno e la scultura a Venezia nel primo Quattrocento;Antoniutti, Arianna;2007;69
22557;SBL0621523;La vita politica nella Venezia del Rinascimento;Finlay, Robert;1982;68
31646;VEA0050841;Chioggia : saggio di storia urbanistica dalla formazione al 1870;Concina, Ennio;1977;68
20949;VEA0000259;Perle e impiraperle : un lavoro di donne a Venezia tra '800 e '900;;1990;68
27339;PUV1381896;Il doge di Venezia;Ravegnani, Giorgio;2013;68
30665;VEA0101902;Il Panteon veneto;Magani, Fabrizio;1997;67
15337;VEA0693945;Venise;Venise et son histoire;2006;67
5399;VEA0077516;The sacred vocal music of Antonio Vivaldi;Talbot, Michael;1995;67
3329;CFI0209018;2: Dal 1517 alla fine della Repubblica;Cozzi, Gaetano;1992;67
35397;CFI0135836;Maiolica a Venezia nel Rinascimento;Alverà Bortolotto, Angelica;1988;67
11736;VEA0693946;Venise;Venise: art et architecture;2006;67
6105;VIA0052610;Legenda de misier sento Alban : volgarizzamento veneziano in prosa del 14. secolo;edizione critica a cura di Eugenio Burgio;1995;67
27954;VEA0074632;Memorie. Classe di scienze morali, lettere ed arti;Berveglieri, Roberto;1995;66
14901;VEA0052364;Venezia presente e passato : per una interpretazione ideologica della storia;Balestrieri, Lucio;1978;66
33514;BVE0201531;Marino Sanudo und Paolino Veneto : Zwei Literaten des 14. Jahrhunderts in ihrer Wirkung auf Buchillustrierung und Kartographie in Venedig, Avignon und Neapel;Degenhart, Bernhard;1973;66
17585;SBL0319720;Per una storia dell'impero latino di Costantinopoli (1204-1261;Carile, Antonio;1978;66
33752;TO00311142;Politics in renaissance Venice;Finlay, Robert;1980;65
34284;VEA0187410;Storia di una fabrica voluptuosa: Villa Malipiero-Barbarich a Zelarino;Rossato, Valerio;2004;65
27817;VEA0097976;Wolken uber der Serenissima : eine kleine Geschichte der Luftverschmutzung in Venedig;Stolberg, Michael;1996;65
19699;VEA0066129;Venetiae : determinazione di un'area regionale fra antichità e alto Medioevo;Azzara, Claudio;1994;64
35494;VEA0118786;Murano medievale : urbanistica, architettura, edilizia dal 12. al 15. secolo;Ramelli, Silvia;2000;64
3370;MIL0451706;Storia di Venezia;Norwich, John Julius;1981;64
35706;TO01639942;La nazione portoghese : ebrei ponentini e nuovi cristiani a Venezia;Ruspio, Federica;2007;63
12096;CFI0279842;Le Procuratie Nuove in Piazza San Marco;introduzione di Giovanna Nepi Scirè;1994;63
28596;PUV0952955;Teatro nel Veneto;a cura di Carmelo Alberti;2003;62
21192;VEA1050144;Memorie. Classe di scienze morali, lettere ed arti;Bernardello, Adolfo;2011;62
22739;VEA1138356;Mythos Venedig : Geschichte und Legenden aus tausend Jahren;Reinhard Lebe;2003;62
22903;MIL0063781;Carità e assistenza a Venezia;Semi, Franca;1983;61
36016;UBO3818031;Immigrazione e cittadinanza nella Venezia medievale;Mueller, Reinhold C;2010;61
10163;PUV1362808;Crocifissi lignei a Venezia e nei territori della Serenissima, 1350-1500 : modelli, diffusione, restauro;a cura di Elisabetta Francescutti, con la collaborazione di Carlo Corsato;2013;61
13392;URB0882934;Shakespeare and Venice;Holderness, Graham;2010;61
35918;CFI0008730;Le associazioni di mestiere nella Repubblica veneta : vittuaria, farmacia, medicina;Marangoni, Giovanni;1974;60
1967;CUB0225844;I dogi di Venezia con particolare riguardo alle loro tombe;Da Mosto, Andrea;1939;60
21612;CFI0024949;L'ultimo dei dogi;Massironi, Mario;1986;60
16211;VEA0089926;Storia di Venezia, 1797-1997;Distefano, Giovanni;1996;60
34055;VEA0070954;Gli atti originali della Cancelleria veneziana;1: 1090-1198;1994;59
5713;CFI0017156;Industria e decadenza economica a Venezia nel 17. secolo;Rapp, Richard Tilden;1986;58
10684;VEA0046503;The house of gold : building a palace in Medieval Venice;Goy, Richard John;1992;58
8008;SBL0435198;Palazzo Contarini a San Beneto;Muraro, Michelangelo;1970;58
13167;VEA0093230;Politische Karrieren und Machtverteilung im venezianischen Adel: (1646-1797;Domzalski, Oliver Thomas;1996;58
6966;PUV1097055;L'Eubea veneziana;Borsari, Silvano;2007;58
30323;PUV1148126;La battaglia di Agnadello : Ghiaradadda, 14 maggio 1509;Meschini, Marco;2009;58
19981;VEA0136080;Napoleon et Venise, 1796-1814;Fournoux, Amable : de;2002;58
15077;VIA0273050;Il Settecento veneziano : il teatro comico;Mello, Leonardo;2013;58
26726;LO10395295;Storia documentata della rivoluzione e della difesa di Venezia negli anni 1848-49 tratta da fonti italiane ed austriache;Marchesi, Vincenzo;1916;57
5905;LO10718904;L'inquisizione a Venezia : eretici e processi 1548-1674;Calimani, Riccardo;2002;57
9313;CFI0765455;La repubblica della salute : storia delle epidemie che hanno colpito la città di Venezia in età moderna;Borrelli, Antonio;2010;57
18912;PUV0242931;Venice : the rise to empire;Norwich, John Julius;;57
36977;UBO2841837;Ad profectum patrie : la proprietà ecclesiastica veneziana in Romania dopo la 4. crociata;Orlando, Ermanno;2005;57
1693;PUV1364725;Viaggi di Fiandra 1463-1464 e 1467-1468;Foscari, Giovanni;2012;57
5418;VEA1023942;Il tesoro di San Marco;;1986;57
14346;VIA0079756;La vita di Daniele Manin e l'epopea veneziana del 1848-49;Galletto, Pietro;1999;57
30794;VEA0052905;La pittura veneziana del Settecento;Martini, Egidio;1964;57
12479;VEA0046369;Ca' Corner della Ca' Granda : architettura e committenza nella Venezia del Cinquecento;Romanelli, Giandomenico;1993;56
5470;SBL0292433;Venezia 1848-49 : la rivoluzione e la difesa;Bernardello, Adolfo;1979;56
20927;RAV1424684;Bisanzio e Venezia;Ravegnani, Giorgio;2006;56
23401;SBL0009635;The decline of the Venetian nobility as a ruling class;Davis, James Cushman;1962;55
14775;UBO0242238;I patti con Imola : 1099-1422;Venezia;1995;55
35758;VEA0017102;Le corti : spazi pubblici e privati nella città di Venezia;Aldegani, Gianluca;1991;55
33142;PUV0935367;Il processo a Paolo Orgiano : 1605-1607;a cura di Claudio Povolo;2003;55
9246;PUV1053949;Venezia in guerra : le grandi battaglie della Serenissima;Moro, Federico;2005;55
13177;CFI0075341;Venezia e Bisanzio nel 12. secolo : i rapporti economici;Borsari, Silvano;1988;54
9547;CFI0149211;Una società coloniale del Trecento : Creta fra Venezia e Bisanzio;Gallina, Mario;1989;54
15111;VEA0047177;Vita musicale a Venezia durante la Repubblica : istituzioni e mecenatismo;Laini, Marinella;1993;54
27366;VEA0126608;Sulla storia della laguna di Venezia nell'antichita;Modrzewska, Iwona;2000;54
22589;VIA0167914;La dedizione di Treviso a Venezia : un matrimonio voluto da Dio;Francescon, Marco;2008;53
10831;VEA0045668;Le altane di Venezia;Bacchin, Giorgiana;1989;53
1321;VEA1007449;Un popolo di verieri : mille anni di lavoro e di lotte dei vetrai di Murano e Venezia;;1982;53
646;PUV1389984;Al servizio della Repubblica di Venezia : le Lettere di Massimiliano Buzzaccarini Gonzaga Commendatore di Malta inviate alla Magistratura dei Cinque Savii alla Mercanzia 1754-1776;Mallia-Milanes, Victor;2014;53
7990;VEA0186856;Giustizia veneta : lo spirito veneto nelle leggi criminali della Repubblica;Rubini, Edoardo;2003;53
8268;RAV0053533;Mille anni di arte del vetro a Venezia : Venezia, Palazzo Ducale Museo Correr, 24 luglio-24 ottobre 1982;catalogo a cura di Rosa Barovier Mentasti ... °et al;1982;53
8005;BRI0011952;Il teatro La Fenice : i progetti, l'architettura, le decorazioni;Brusatin, Manlio;1987;52
9614;SBL0606496;Palazzo Labia a Venezia;Pignatti, Terisio;1982;52
18499;VEA0190110;Palazzo Ducale : storia e restauri;a cura di Giandomenico Romanelli;2004;52
28341;VEA0699544;Metamorfosi di un litorale : origine e sviluppo dell'isola di Sant'Erasmo nella laguna di Venezia;Busato, Davide;2006;52
28215;UFI0193411;La casa veneziana nella storia della citta dalle origini all'Ottocento;Maretto, Paolo;1992;52
28924;CFI0001234;Chiese e monasteri medioevali scomparsi della laguna superiore di Venezia : ricerche storico-archeologiche;Vecchi, Maurizia;1983;51
7800;IEI0159234;Manin and the Venetian revolution of 1848;Trevelyan, George Macaulay;1923;51
25469;SBL0084141;Banche pubbliche e problemi monetari a Venezia nei secoli 16. e 17;Balestrieri, Lucio;1969;51
10940;VEA1019814;Tra gotico e neogotico : Palazzo Cavalli Franchetti a San Vidal;Romanelli, Giandomenico;1989;51
35486;BVE0100425;Giulio Gherlandi heretico ostinatissimo : un predicatore eterodosso del Cinquecento tra il Veneto e la Moravia;Calò, Luca;1996;51
11904;PUV0297906;L'oro di Venezia: oreficerie, argenti e gioielli di Venezia e delle città venete da collezioni private : Venezia, Biblioteca nazionale Marciana, 29 giugno - 6 ottobre 1996;a cura di Piero Pazzi;1996;51
15763;RML0091127;Life and death in a Venetian convent: the chronicle and necrology of Corpus Domini, 1395-1436;Riccoboni, Bartolomea;2000;51
22808;TO01546358;La Serenissima repubblica in Grecia : 17.-18. secolo;Amoretti, Guido;2006;51
11541;VEA1031951;Venezia che spera : l'unione all'Italia (1859-1866;a cura di Cristina Crisafulli, Franca Lugato, Camillo Tonini;2011;51
24989;VEA0057741;I portali medievali di Venezia;Grandesso, Espedita;1988;50
13202;PUV0204386;Memorie. Classe di scienze morali, lettere ed arti;Olivato, Loredana;1974;50
11139;VEA0203443;Le mythe de Venise au 19. siecle : debats historiographiques et representations litteraires;edites par Christian Del Vento et Xavier Tabet;2006;50
17832;VEA0110313;Mestre : paesaggio agrario, proprieta e conduzione di una podesteria nella prima meta del secolo 16;Biscaro, Maria Grazia;1999;50
14696;LO10065734;Vita di Bartolomeo Colleoni;Cornazzano, Antonio;1990;50
24389;PUV0184411;Industry and economic decline in seventeenth-century Venice;Rapp, Richard Tilden;1976;49
12775;CFI0204831;Il leone di Venezia : studi e ricerche sulla statua di bronzo della piazzetta;a cura di Bianca Maria Scarfì;1990;49
24941;VEA0067699;Il tesoro di San Marco;;1986;49
12485;VIA0071281;Oltre San Marco : organizzazione e prassi della musica nelle chiese di Venezia nel Rinascimento;Quaranta, Elena;1998;49
17607;VEA0775111;Venice: cita excelentissima : selections from the Renaissance diaries of Marin Sanudo;Sanudo, Marino;2008;49
2266;VIA0082156;Processo al Moro : Venezia 1811;Scarabello, Giovanni;2000;49
22931;VEA0687112;La Pala di Marco di Martino nella Scuola Grande della Carita e la pittura a Venezia nella seconda meta del Trecento;Cavanna, Anna Maria;2006;49
32196;VEA0132154;Per salute delle anime e delli corpi : scuole piccole a Venezia nel tardo Medioevo;Ortalli, Francesca;2001;48
11120;PUV1034930;Venezia in tempo di guerra : 1943-1945;Bobbo, Giulio;2005;48
4149;VEA0068371;Pietro Longhi, Gabriel Bella : scene di vita veneziana;a cura di Giorgio Busetto;1995;48
11394;VEA1122918;Storie di cronache e reliquie nella Venetia altomedievale;Colombi, Emanuela;2012;48
4332;VIA0020606;La casa veneziana nella storia della citta : dalle origini all'Ottocento;Maretto, Paolo;1986;47
7136;VEA0004162;La memoria di un tempio : li Servi di San Marcilian ed il Canal-Marovich in Venezia;Pavon, Giuliano;1988;47
17759;VEA0151680;La laguna di Venezia nella cartografia storica a stampa del Museo Correr;a cura di Giuliana Baso, Marisa Scarso, Camillo Tonini;2003;47
27575;PUV0970202;I patti con l'Impero latino di Costantinopoli, 1205-1231;Venezia;2004;47
31177;CFI0093084;Cannaregio : un sestiere di Venezia;Cristinelli, Giuseppe;1987;47
16672;VEA1138928;Dandolo : Venedigs Kühnster Doge;Karl-Hartmann Necker;1999;47
28707;VIA0065243;Proclami delle municipalità venete di terraferma 1797;a cura di Paolo Preto, Filiberto Agostini e Giovanni Silvano;1997;47
34506;SBL0297828;Lorenzo Giustiniani : due imprese pittoriche fra Sei e Settecento a Venezia;Pilo, Giuseppe Maria;1981;47
12431;VEA0068563;Palazzo Ziani : storia, architettura, decorazioni;a cura di Giandomenico Romanelli;1994;47
16576;RAV0233192;Venezia minore;Trincanato, Egle Renata;1948;46
32287;VIA0007015;Patrizi e malfattori : la violenza a Venezia nel primo Rinascimento;Ruggiero, Guido;1982;46
32789;VEA0066018;Le Procuratie Vecchie in piazza San Marco;introduzione di Feliciano Benvenuti;1994;46
37264;VEA1086276;I Patti con Padova (1405-1406) : dalla guerra alla Bolla d'oro;Venezia;2012;46
7567;VEA0111103;La Basilica dei SS. Maria e Donato : cinque secoli di incisioni, vedute e progetti;a cura di Vettore Zaniol e Gabriele Mazzucco;1999;46
2289;RAV0165912;La città degli ebrei : il ghetto di Venezia;Concina, Ennio;1991;45
30420;LO10427656;Esse de Maiori Consilio : legittimità civile e legittimazione politica nella Repubblica di Venezia, secc. 13.-16;Crescenzi, Victor;1996;45
25209;PUV0746841;Tra Costantinopoli e Venezia : dispacci di Stato e lettere di mercanti dal basso medioevo alla caduta della Serenissima;De Zanche, Luciano;2000;44
11589;VEA0007473;La cartografia tra scienza e arte : carte e cartografi nel Rinascimento italiano;Schulz, Juergen;1990;44
12793;CFI0243607;Pietro Aretino and the Republic of Venice : researches on Aretino and his circle in Venice, 1527-1556;Cairns, Christopher;1985;44
6650;VEA0177384;The souls of Venice;Sethre, Janet;2003;44
29581;VEA0036696;Fortezze veneziane : 1508-1797;Marchesi, Pietro;1984;43
8548;VIA0194005;Il feudo di Zelarino 1331-1858 : materiali dell'archivio Foscari-San Simeon confluito nell'archivio Gradenigo-Rio Marin;a cura di Mario Bulgarelli;2010;43
14039;CFI0479456;Difesa della sanità a Venezia, secoli 13.-19. : mostra documentaria, 23 giugno-30 settembre 1979;;1979;43
964;VEA0005873;San Girolamo Miani e Venezia : nel 5. centenario della nascita;;1986;43
31609;VEA0115668;Barche della laguna veneta;Crovato, Giorgio;1980;42
9768;TO00814557;Testi storici veneziani (11.-13. secolo;edizione e traduzione a cura di Luigi Andrea Berto;1999;42
24124;UFI0331870;Ruskin and St. Mark's;Unrau, John;1984;42
18994;VEA1112696;Abbondia Borgo Cazoxana : la nascita delle frazioni miresi;G. Conton, G. Formenton;1985;42
8543;VEA0120085;Il conclave di San Giorgio Maggiore di Venezia e l'elezione di Pio 7. Chiaramonti, 14 marzo 1800;a cura di Gabriele Mazzucco;2000;42
21375;VIA0181327;Memorie. Classe di scienze morali, lettere ed arti;Di Giovanni, Anna;2009;42
20205;LO10351491;La biondina in gondoleta : Marina Querini Benzon, una nobildonna a Venezia fra Settecento e Ottocento;Rizzo, Tiziano;1994;42
29353;PUV0933950;Donne, madonne, dee : abito sacro e riti di vestizione, gioiello votivo, vestitrici;Silvestrini, Elisabetta;2003;42
24700;PUV1091206;Memorie. Classe di scienze morali, lettere ed arti;Pigozzo, Federico;2007;42
34770;VEA1013868;Dolo 1406-1581 : territorio, popolazione, attivita economiche alle origini di una comunita;Poppi, Mario;2010;42
24155;PUV1136637;Alunni, maestri e scuole in Venezia alla fine del 16. secolo;Baldo, Vittorio;1977;41
29498;SBL0612718;Pietre e legni dell'arsenale di Venezia;Pizzarello, Ugo;1983;41
33536;REA0043643;Il merletto veneziano;Davanzo Poli, Doretta;1998;41
24324;TO00342250;Memorie. Classe di scienze morali, lettere ed arti;Tigler, Guido;1995;41
32655;CFI0038760;La pittura a Venezia nel diciottesimo secolo;Levey, Michael;1983;41
20351;NAP0107040;Acquafortisti veneziani del Settecento;Pittaluga, Mary;1952;41
18677;SBL0228046;La peinture à Venise au 18. siècle;Levey, Michael;1964;41
11049;SBL0630758;La pesca nella laguna di Venezia : antologia storica di testi sulla pesca nella laguna, sulla sua legislazione, sul popolo, la lingua e il lavoro dei pescatori, sui pesci e sulla cucina;;1981;41
33479;VEA0115433;I tesori della fede: oreficeria e scultura dalle chiese di Venezia;;2000;40
13692;SBL0133615;Venezia e i corsari : 1580-1615;Tenenti, Alberto;1961;40
4911;RAV0129033;L'Arte dei pittori in Venezia e i suoi statuti;Favaro, Elena;1975;39
27075;SBL0372867;Il Palazzo Dolfin Manin a Rialto : storia di un'antica dimora veneziana;Paolillo, Domenico Roberto;1970;39
26987;MIL0170112;La Republique de Venise;Diehl, Charles;1985;39
33501;SBL0607898;La Chiesa di Santa Caterina e l'isola di Mazzorbo;Comastri, Enrico;1983;39
33828;VEA0043918;Osterie del leone : il vino nella Venezia medioevale;Gottardo, Vittorio;1993;39
2935;VEA1021303;La facciata della chiesa di San Zaccaria a Venezia : percorsi di storia e conservazione;a cura di Bernard Aikema, Emanuela Zucchetta;2010;39
33171;CFI0084248;The boundaries of eros : sex crime and sexuality in Renaissance Venice;Ruggiero, Guido;1985;38
32248;LO10100280;Palladio e Venezia;a cura di Lionello Puppi;1982;38
30250;CFI0171133;Piccole storie di stregoneria nella Venezia del '500;Milani, Marisa;1989;38
30921;LO10095695;Venezia nel 1849 : cronaca inedita;Bassani, Ugo;1938;38
24838;NAP0556759;Venezia e Moby-Dick;De Seta, Cesare;2012;38
14710;PUV0232229;The Church of Santa Maria dei Miracoli in Venice;Lieberman, Ralph E;1986;37
22125;CFI0116658;Il ponte ferroviario in laguna;Facchinelli, Laura;1987;37
10845;VEA0107892;Memorie. Classe di scienze morali, lettere ed arti;Bovolato, Luca;1998;37
29274;FER0149528;Maschere e travestimenti nella tradizione del carnevale di Venezia;introduzione e revisione di Margherita Obici;1981;37
24080;VEA0175636;Die Skulpturen des 13. Jahrhunderts an San Marco in Venedig;Ruth Papadopoulos;2002;37
15320;CFI0179392;Il Palazzo ducale di Venezia : nella rappresentazione grafica dal 15. al 19. secolo;Franzoi, Umberto;1989;36
24934;UMC0306925;Gli accordi con Curzola, 1352-1421;Venezia;2002;36
32412;TO00763215;Renaissance book collecting : Jean Grolier and Diego Hurtado de Mendoza, their books and bindings;Hobson, Anthony;1999;36
28934;VEA0728175;Venise, un refuge romantique (1830-1848;Brieu-Galaup, Florence;2007;36
32160;VIA0040760;La Venezia di Terra : 1381-1797;Coccon, Gino;1985;36
17378;VEA0034249;Raxion de' marineri : taccuino nautico del 15. secolo;Di Versi, Pietro;1991;35
36852;VIA0044235;San Giacomo in Paludo : un'isola da recuperare;saggi di Giovanni Caniato ... et al.;1988;35
6413;IEI0356973;Melior ut est florenus : note di storia monetaria veneziana;Rossi, Franco;2012;35
21692;VEA0006806;Il ruggito del leone : 150 stampe satiriche 1797-1860;Musei civici veneziani;1982;35
37022;VEA1052658;Rubelli : una storia di seta a Venezia;Favaretto, Irene;2011;35
35631;VEA1112819;Dal Risorgimento alla Grande Guerra : per una lettura locale dell'Unità d'Italia;Scroccaro, Mauro;2012;35
5742;VEA0113882;Venise et l'émirat hafside de Tunis (1231-1535;Doumerc, Bernard;1999;34
3416;BVE0003023;New Aldine studies : documentary essays on the life and work of Aldus Manutius;Fletcher, Harry George;1988;34
33076;SBL0469864;I cavalli di Venezia;Vittoria, Eugenio;1972;34
3924;VEA0000171;Die Inquisition, die Lebenden und die Toten : Venedigs deutsche Protestanten;Oswald, Stephan;1989;34
31775;VEA0109196;Scuola dei Battuti di San Rocco : documenti sulle origini e illustrazione dei Capitoli delle Mariegole;Tonon, Franco;1998;34
10517;VEA0757050;L'apogee du masque au 18. siecle ou la Serenissime masquee;Moretti-Maqua, Celine;2007;34
22938;CFI0507065;La percezione dell'ambiente : l'esperimento di Venezia;Paolo E. Balboni ... [et al.;1978;33
22835;VEA1139302;Avvisi (1570-1572) : the War of Cyprus;Catherine Koumarianou;2004;33
31551;TO00053625;Economic and social history of Medieval Europe;Pirenne, Henri;1937;33
21341;VEA0045659;Scuole di arti mestieri e devozione a Venezia;Gramigna, Silvia;1981;32
19458;VIA0253878;Piracy and the decline of Venice : 1580-1615;Tenenti, Alberto;1967;32
35209;BVE0044553;Venetian worlds : nobility and the cultural construction of society;Boholm, Åsa;1993;32
24699;IEI0009046;L' editoria illustrata veneziana del Settecento : gli autori friulani;De Grassi, Marino;1984;32
18442;SBL0188991;Crisis and change in the Venetian economy in the sixteenth and seventeenth centuries;edited with an introduction by Brian Pullan;1968;30
29472;MIL0216326;A Venetian family and its fortune, 1500-1900 : the Dona and the conservation of their wealth;Davis, James Cushman;1975;30
28970;LO10040725;La galleria scomparsa del maresciallo Von der Schulenburg : un mecenate nella Venezia del Settecento;Binion, Alice;1990;30
1893;BVE0009375;The Doge of Venice : the symbolism of state power in the Renaissance;Boholm, Åsa;1990;30
21735;CFI0180246;I trattati con Aleppo, 1207-1254;Venezia;1990;30
9873;PUV0829509;I trattati con il regno armeno di Cilicia, 1201-1333;Venezia;2001;30
27545;VEA0007767;La flotta di Venezia : navi e barche della Serenissima;Rubin de Cervin, G. B;1985;30
34499;UFI0050445;Venezia, le difese a mare : profilo architettonico delle opere di difesa idraulica nei litorali di Venezia;Grillo, Susanna;1989;30
9384;VEA0035763;Chiese e monasteri distrutti a Castello dopo il 1807 : (S. Domenico, S. Nicolo di Bari, Ospedale di Messer Gesu Cristo, Seminario Ducale, convento della Cappuccine, S. Antonio;a cura di Odilla Battiston ... \et al;1992;30
24852;VEA0106918;Il ponte dell'Accademia a Venezia, 1843-1986;Populin, Elisabetta;1998;30
13278;VEA0071441;I documenti turchi dell'Archivio di Stato di Venezia;Archivio di Stato di Venezia;1994;30
28222;RMS2159033;Le carte monselicensi del Monastero di S. Zaccaria di Venezia (1183-1256;a cura di Gionata Tasini;2009;30
6417;VEA0082551;Gli atti originali della Cancelleria veneziana;2: 1205-1227;1996;30
7273;VEA1149491;Venise, unique au monde;François Baruchello;1990;30
13693;SBL0612734;Tre palazzi veneziani della Regione Veneto : Balbi, Flangini-Morosini, Molin;Bassi, Elena;1982;29
303;VEA0004723;Chioggia dal Settecento all'età della Restaurazione;Perini, Sergio;1989;29
12787;TO00919008;Contro le intemperie delle stagioni e contro le tentazioni del male : la nascita degli asili notturni nella Venezia di fine '800;Nordio, Andrea;2000;29
18736;PUV0278042;Chiesa di Santo Stefano : arte e devozione;Chiari Moretto Wiel, Maria Agnese;1996;28
34841;CFI0018903;Mestre : le radici identità di una città;Gusso, Adriana;1986;28
28048;USM1931945;Dal Risorgimento alla Grande Guerra : per una lettura locale dell'Unità d'Italia;Scroccaro, Mauro;2012;28
860;MIL0177867;I trattati con Bisanzio, 992-1198;Venezia;1993;27
12945;MIL0300192;Tripoli e Venezia nel secolo 18;Cappovin, Giorgio;1942;27
4200;VEA0110542;Le monache di San Zaccaria a Venezia nei secoli 12. e 13;Fees, Irmgard;1998;27
20289;VEA0072255;Basilica dei Santi Giovanni e Paolo : arte e devozione;Manno, Antonio;1995;27
28092;IEI0114618;Venise et la révolution française : les 470 dépêches des ambassadeurs de Venise au doge, 1786-1795;édition établie par Alessandro Fontana, Francesco Furlan et Georges Saro;1997;27
35705;CFI0024943;Il merletto di Pellestrina;testi e schede di Giovanni Mariacher ... [et al.;1986;27
31303;PUV0091111;Benedettini in S. Daniele : 1046-1198;a cura di Elisabeth Santschi;1989;26
11610;CFI0056764;Una società tipografico-editoriale a Venezia nel secolo 16. : Melchiorre Sessa e Pietro di Ravani, 1516-1525;Curi Nicolardi, Silvia;1984;26
6004;RAV0145939;Carte da navigar : portolani e carte nautiche del museo Correr 1318-1732;a cura di Susanna Biadene;1990;26
16471;RMG0292271;Le ali di Venezia : nascita e sviluppo dell'aviazione nel Novecento lagunare;Lando, Pietro;2013;26
24807;VEA1141200;Ora é tempo di bere : una breve storia del vino a Venezia;Vittorio Gottardo;1992;26
19959;CFI0025015;Le promissioni del Doge di Venezia : dalle origini alla fine del Duecento;a cura di Gisella Graziato;1986;25
14443;VIA0043096;Memorie. Classe di scienze morali, lettere ed arti;Vianello, Andrea;1993;25
5772;PUV0090408;I patti con Brescia : 1252-1339;Venezia;1991;25
11804;CFI0136735;Milizie ed armamento della Repubblica di Venezia nella fortezza di Palma : 1593-1797;Prelli, Alberto;1988;25
22974;MIL0293612;Venezia e la Massoneria nel Settecento;Cadel, Anna Maria;1995;25
24423;VEA0734849;Per una confinazione equa e giusta : Andrea Tron e la politica dei confini della Repubblica di Venezia nel '700;Pitteri, Mauro;2007;25
20903;VEA0048423;Andrea Tron e la crisi dell'aristocrazia senatoria a Venezia;Tabacco, Giovanni;1980;24
31405;VEA0193792;L'arcipelago dimenticato : isole minori della laguna di Venezia tra storia e natura;Caniato, Giovanni;2005;24
5826;CUB0475857;The basilica of St. Mark in Venice;Musolino, Giovanni;1956;24
21284;SBL0698647;Das griechische Druck- und Verlagshaus Glikis in Venedig, 1670-1854 : Das griechische Buch zur Zeit der Türkenherrschaft;Beloudes, Giorgos;1974;24
30348;SBL0253691;Mestre, Marghera : Abazia S. Ilario;Gallo, Luigi;1964;23
13040;VEA0009907;Tre monasteri scomparsi a Venezia sestiere di Castello : (S. Daniele, S.M. delle Vergini, S. Anna;a cura di Odilla Battiston;1991;23
33871;VEA0128814;The art and archaeology of Venetian ships and boats;Martin, Lillian Ray;2001;23
1816;CFI0050856;Duemila anni di scultura a Venezia;Salvadori, Renzo;1986;23
29651;PUV1118926;Memorie. Classe di scienze morali, lettere ed arti;Cicogna, Emmanuele Antonio;2008;23
28602;VEA0003706;Dalla guerra di Chioggia alla pace di Torino, 1377-1381 : mostra documentaria, 27 giugno-27 settembre 1981;;1981;23
34215;VEA0985674;La Pieta a Venezia : arte, musica e cura dell'infanzia fra tradizione e innovazione;a cura di Antonio Tommaseo Ponzetta ... [et al.;2008;23
10423;VEA1010365;"Inventory of the ""Lettere e scritture Turchesche"" in the Venetian State Archives";Pedani, Maria Pia;2010;23
21872;RML0053006;S. Maria Formosa;a cura di Maurizio Rosada;1972;22
29373;CFI0021298;Mestieri e arti a Venezia, 1173-1806 : mostra documentaria, 28 giugno-28 settembre 1986;;1986;22
14268;PUV0058566;"Painters of Venice : the story of the venetian ""veduta";Aikema, Bernard;1990;22
5263;VEA0069971;Chiesa della Madonna dell'Orto : arte e devozione;Riccato, Luisa;1994;22
2148;VEA1109762;Chiostri tra le acque : i monasteri femminili della Laguna nord di Venezia nel Basso Medioevo;Moine, Cecilia;2013;22
9832;VEA1112815;Dal Risorgimento alla Grande Guerra : per una lettura locale dell'Unità d'Italia;;2012;22
28455;VEA1138364;Luce su Venezia: viaggio nella fotografia dell'Ottocento;a cura di Myriam Zerbi e Sabina Vianello;2014;22
34984;MIL0181593;Venise 1500 : la puissance, la novation et la concorde;dirige par Philippe Braunstein;1993;21
22159;BVE0058910;Chiesa di San Zaccaria : arte e devozione;Bertoli, Bruno;1994;21
2227;CFI0292813;I rovereti di pianura della Serenissima;Susmel, Lucio;1994;21
22144;UBO0025792;Ambiente scientifico veneziano tra cinque e seicento : testimonianze d'archivio;catalogo a cura di Maria Francesca Tiepolo ... et al.!;1985;21
12253;TO01665097;Arsenale e Museo Storico Navale di Venezia : mare, lavoro e uso pubblico della storia;Paladini, Filippo Maria;2008;21
14384;BVE0058889;Chiesa di San Trovaso : arte e devozione;Caputo, Gianmatteo;1994;21
17872;VEA0180885;Moderata Fonte : women and life in sixteenth-century Venice;Malpezzi Price, Paola;2003;21
17795;VEA0058290;Toponomastica a Venezia;De Biasi, Mario;1981;20
19258;VEA0002910;San Girolamo Miani nel 5. centenario della nascita : atti del convegno, Studium Cattolico Veneziano, Venezia, 29-31 gennaio 1987;Giovanni Scarabello... \et. al;1989;20
10446;LO10367872;Daniele Manin e la rivoluzione veneziana del 1848;Trevelyan, George Macaulay;1926;19
7833;IEI0024913;Le isole jonie nel sistema adriatico : dal dominio veneziano a Buonaparte;Damerini, Gino;1943;19
27288;UBO1153991;La Basilica di San Marco in Venezia;Musolino, Giovanni;1957;19
16789;VEA0147419;Alessandro Poerio : l'eroe della sortita;Borgonovi, Paolo;2002;19
4738;VEA0078911;Venezia : piante e vedute;Museo Correr;1982;18
5062;VEA0085801;I trattati con Bisanzio, 1265-1285;Venezia;1996;18
22031;CFI0075856;Malamocco : una terra da riscoprire;De Biasi, Mario;1984;18
4183;CFI0126670;Venezia restaurata : centosettanta anni di interventi di restauro sugli edifici veneziani;Pertot, Gianfranco;1988;18
6285;CFI0063215;Sotto il segno di san Marco;Morris, Jan;1984;18
36668;VEA0124876;La femme à Venise au temps de Casanova;Ravoux Rallo, Elisabeth;1984;18
15220;VEA0057913;Il ghetto sulla laguna : guida storico artistica al ghetto di Venezia (1516-1797;Fortis, Umberto;1987;18
20933;VEA0074646;Chiesa di Santa Maria dei Carmini : arte e devozione;Moretti, Lino;1995;18
6645;PUV0869968;Palaces of Venice;Lauritzen, Peter;1978;17
34742;PUV0160529;Il patto con Fano 1141;Venezia;1993;17
24926;SBL0636208;Aspetti e momenti della diplomazia veneziana : mostra documentaria, 26 giugno-26 settembre 1982;;1982;17
34731;VEA0070933;Gli ebrei a Venezia, 1938-1945: una comunità tra persecuzione e rinascita;a cura di Renata Segre;1995;17
8992;PUV0228802;Venise, Raguse et le commerce du blé pendant la seconde moitié du 16. siècle;Aymard, Maurice;1966;16
29357;IEI0190940;Crises in Venetian history;Ragg, Laura M;1928;16
872;VIA0080430;Memorie. Classe di scienze morali, lettere ed arti;Rossi, Paola;1999;16
36532;VEA0004358;Memorie diverse della citta di Chiozza raccolte da me Antonio Boscolo nodaro quondam spettabile domino Marco ..;Boscolo, Antonio;1988;16
31580;VEA0127166;Memorie di un ritorno : la guerra di Morea (1684-1699) nei manoscritti della Querini Stampalia;Stouraiti, Anastasia;2001;16
18827;PUV0827769;Il libro dei conti di Giacomo Badoer (Costantinopoli 1436-1440) : complemento e indici;a cura di Giovanni Bertelè;2002;16
7858;VEA0713123;Venice and Thessalonica 1423-1430: the Greek accounts;Melville-Jones, John R;2006;16
26972;MIL0456039;Venetian palazzi;Trivellato, Gianluigi;1998;16
35323;TO00011658;Dal museo alla citta : cultura e societa nella Venezia del Settecento;;1987;16
29435;VEA1072915;Alvise Contarini mediatore per la Repubblica di Venezia nel Congresso di Vestfalia : (1643-1648;Zanon Dal Bo, Angelo;1971;16
2014;VEA1133931;Quando Torcello era abitata;Calaon, Diego;2013;16
32730;VEA0069955;Chiesa di San Giovanni in Bragora : arte e devozione;Chiari Moretto Wiel, Maria Agnese;1994;15
2021;PUV0516481;The Venetian Empire : a sea voyage;Morris, Jan;1980;15
21351;VIA0019763;La marina mercantile veneto-istriano-dalmata dopo la caduta della Repubblica di Venezia;Dissera Bragadin, Giorgio;1986;15
24024;LO11459239;Dal Risorgimento alla Grande Guerra : per una lettura locale dell'Unità d'Italia;Bobba, Davide;2012;15
4201;PUV0516471;Streghe a Venezia;Bussolaro, Nico;1979;15
28070;VEA1063322;Vidal in Venice;Vidal, Gore;1985;15
37005;VEA0060991;Aldo Manuzio e l'ambiente veneziano, 1494-1515;a cura di Susy Marcon e Marino Zorzi;1994;14
6295;VEA0098436;Chiesa di San Salvador : arte e devozione;Bertoli, Bruno;1997;14
1631;CFI0213977;22 dispacci da Costantinopoli al doge Giovanni Mocenigo;Dario, Giovanni;1992;14
20;CFI0533008;La Serenissima a Latisana, 1420-1797 : dai conti di Gorizia a Napoleone;Altan, Mario Giovanni Battista;2001;14
21276;VEA0740277;Il liceo convitto S. Caterina (storia del liceo M. Foscarini dal 1807 al 1866;Marzia Amendola ... [et al.;2007;14
9491;VEA1054539;Ilportale della chiesa di Santa Maria del Carmelo a Venezia : ipotesti costruttive e intervento di restauro;a cura di Emanuela Zucchetta;2011;14
15275;VIA0034603;L' architettura del Rinascimento a Venezia : 1450-1540;Lieberman, Ralph;1982;13
37607;UMC0980703;Chiesa di San Giobbe : arte e devozione;Gallo, Andrea;1994;13
18222;LO10095850;Venezia salvata, ossia Una congiura scoperta;Otway, Thomas;1935;13
1580;VEA0090338;Palazzo Papadopoli a Venezia;Arbore-Popescu, Grigore;1993;13
28066;RML0163921;La caduta di Costantinopoli, 1204 : fonti bizantine e occidentali sulla Quarta crociata;;2004;13
11553;SBL0540981;Le pitture di Paolo Veronese nella Chiesa di S. Sebastiano in Venezia;Pignatti, Terisio;1966;12
31309;PUV0391846;La porpora: realtà e immaginario di un colore simbolico : atti del Convegno di studio, Venezia, 24 e 25 ottobre 1996;a cura di Oddone Longo;1998;12
17144;VEA0069954;Chiesa dei Gesuati : arte e devozione;Niero, Antonio;1994;12
26754;VEA0148611;Venice against the sea : a city besieged;Keahey, John;2002;12
3538;CFI0021351;Una fognatura per Venezia : storia di due secoli di progetti;Zucchetta, Gianpietro;1986;11
37382;VEA0099296;Dispacci da Costantinopoli di Ferigo Foscari, 1792-1796;1;1996;11
7668;PUV1359325;Giuseppe Pelizzari e quel sicuro mezzo dell'olio santo : un processo inquisitorio veneziano del 1682-83;Sorrentino, Enrico;2012;11
8383;VEA0126131;Palazzo Dario : la memoria dei fasti di Bisanzio nella Venezia del primo rinascimento;Terzuoli Marcello, Matilde;1985;10
36817;VEA0047833;Un piccolo regno teocratico nel cuore di Venezia: il monastero di San Lorenzo;a cura di Odilla Battiston ... [et al.;1993;10
3177;VEA1052002;I giardini napoleonici di Castello a Venezia : evoluzione storica e indirizzi;a cura di Tiziana Favaro, Francesco Trovo;2011;10
33363;VIA0083922;Atti dei convegni 1978 : Scuola grande di San Teodoro;;1979;10
2139;VEA0053038;La vita nelle pietre : sculture marciane e civilta veneziana del Duecento;Muraro, Michelangelo;1985;8
14322;VEA0052603;L'arsenale dei veneziani;Romano Chirivi ... [et al.;1983;8
3503;LO10565339;Mariegola della Compagnia dei Corrieri della Serenissima Signoria;saggio introduttivo Bonaventura Foppolo;2001;8
17445;CFI0217855;Il ponte di Rialto : un restauro a Venezia;Bisà, Marco;1991;6
5850;SBL0191721;Venice and history : the collected papers of Frederic C. Lane;Lane, Frederic Chapin;1966;5
36697;VEA0103838;Monet et Venise;Piguet, Philippe;1986;5
34852;BVE0058909;Chiesa di San Sebastiano : arte e devozione;Augusti, Adriana;1994;5
10298;VEA0726900;Il doge Renier e la Venezia del '700;Renier, Paolo;2007;5
10384;CFI0155634;Ambiente e risorse nella politica veneziana : mostra documentaria;;1989;5
26941;BVE0058907;Chiesa del Redentore : arte e devozione;Gallo, Andrea;1994;4
15550;CFI0088274;Il ghetto di Venezia, le sinagoghe e il museo;Sullam Reinisch, Giovannina;1985;4
8722;PUV1158266;Storia dello Studio teologico Laurentianum di Venezia nella strategia della formazione teologica della Provincia veneta dei Cappuccini;Peratoner, Alberto;2009;3
31135;VEA0133965;Les navires et bateaux de la Vue de Venise de Jacopo de Barbari (1500;Basch, Lucien;2000;2
